China,China
United Kingdom,United Kingdom
Australia,Australia
UK,United Kingdom
People's Republic of China,China
USA,USA
Italy,Italy
Iran,Iran
"London, UK",United Kingdom
Canada,Canada
España,Spain
PR of China,China
Germany,Germany
New Zealand,New Zealand
France,France
Poland,Poland
Colombia,Colombia
Greece,Greece
Uganda,Uganda
Israel,Israel
The Netherlands,The Netherlands
Sweden,Sweden
Belgium,Belgium
Finland,Finland
Austria,Austria
Ireland,Ireland
Switzerland,Switzerland
P.R. China,China
Taiwan,Taiwan
Brazil,Brazil
Denmark,Denmark
Korea (the Republic of),South Korea
the Netherlands,The Netherlands
Spain,Spain
Korea,South Korea
U.K.,United Kingdom
Pakistan,Pakistan
Kenya,Kenya
United Arab Emirates,United Arab Emirates
London,United Kingdom
SAU,Saudi Arabia
"Hong Kong SAR, China",Hong Kong
Cyprus,Cyprus
Netherlands,The Netherlands
PR China,China
South Korea,South Korea
Norway,Norway
United States,USA
Japan,Japan
Republic of Korea,South Korea
P. R. China,China
Singapore,Singapore
Lithuania,Lithuania
México,Mexico
Slovenia,Slovenia
India,India
United States of America,USA
"Catalonia, Spain",Spain
Iceland,Iceland
Argentina,Argentina
Russia,Russia
Hong Kong,Hong Kong
Croatia,Croatia
Serbia,Serbia
MN,USA
Estonia,Estonia
U.S.A.,USA
Turkey,Turkey
Nigeria,Nigeria
"Oxford, UK",United Kingdom
Malaysia,Malaysia
North Carolina,USA
Hong Kong Special Administrative Region,Hong Kong
Massachusetts,USA
Special Administrative Region of China,Hong Kong
Deutschland,Germany
Mexico,Mexico
Qatar,Qatar
CA,USA
Unknown,Unknown
Belgique,Belgium
Czech Republic,Czech Republic
England,United Kingdom
New York,USA
"Bristol, UK",United Kingdom
Portugal,Portugal
Romania,Romania
NA,Unknown
Thailand,Thailand
"Wales, UK",United Kingdom
Brasil,Brazil
Hong Kong SAR,Hong Kong
The People's Republic of China,China
"Manhasset, NY",USA
"Scotland, UK",United Kingdom
CN,China
"Hong Kong Special Administrative Region, China",Hong Kong
Uruguay,Uruguay
US,USA
Jordan,Jordan
PRChina,China
CHINA,China
Republic of Singapore,Singapore
"Hong Kong, China",Hong Kong
South Africa,South Africa
"Bristol, United Kingdom",United Kingdom
Ethiopia,Ethiopia
Bangladesh,Bangladesh
"Hong Kong, SAR, China",China
California,USA
PA,USA
Korea (Republic of),South Korea
Luxembourg,Luxembourg
Connecticut,USA
"Hong Kong Special Administrative Region, People's Republic of China",Hong Kong
Country,Unknown
"Cambridge, UK",United Kingdom
"USA, , UK, Australia, Australia",USA
"China, USA",China